text	headline	pred_headline
take guinea pig see veterinarian notice signs constipation constipation rare guinea pigs signs constipation include distended stomach lack droppings pet cage lethargy straining bowel movement make note exactly long pet constipated weigh regularly attentive changes weight note pet last pooped much eating much drinks need information take pet vet veterinarian already find one experience guinea pigs best bet consult aemv member find aemv member visiting aemv org index php members vet locator local vet treat guinea pigs ask referral vet questions give call afraid ask vet specific instructions let know details might affect diagnosis even guinea pig seems recover receiving medical attention always good idea ensure whatever caused constipation return	look signs pet may constipated monitor situation carefully consult veterinarian follow vet instructions carefully schedule follow visit	contacts worry germs certain certain funny avoid certain certain certain certain avoid certain courtyard physical laying certain certain certain certain avoid certain certain certain funny progress certain certain certain avoid certain certain certain avoid certain certain certain avoid certain certain certain certain certain courtyard pain pain cagemate colouring celery certain certain certain avoid certain certain avoid shy germs certain certain avoid certain certain certain certain certain certain certain certain courtyard pain licks treat licks monthly pain mystery physical squeaking squeaking boyfriend dry certain certain certain certain avoid certain certain certain avoid shy courtyard pain however mystery physical breaking licks certain certain certain avoid shy certain certain funny courtyard treat pain however supervise supervise pour supervise supervise pour gets gets exploring possibility supervise supervise taste supervise taste regarding parent certain certain certain certain avoid shy courtyard treat breaking licks certain certain certain avoid certain certain avoid shy germs certain avoid tree
watching television pay close attention advertisements mention casinos note location mentioned advertisement involves casino location mentioned note additional contact information website phone number use information find casino learn casino television use internet search distance location casino sites maps google com mapquest com help search	watch television advertisements determine distance location casino choose casino shortest distance location	messy changes shy taste supervise supervise pour parent monthly keeping laying certain certain certain certain avoid tree mystery showing certain certain certain avoid certain funny courtyard changes mystery physical hold cheap certain certain certain avoid shy germs mystery prop mystery breaking licks monthly certain certain certain avoid certain courtyard pain cagemate pain treat squeaking boyfriend pain however dive licks certain certain certain avoid shy mystery certain certain certain courtyard pain physical however supervise supervise supervise lost certain avoid certain certain certain avoid shy certain certain certain avoid shy germs prop mystery maybe certain avoid shy certain certain certain funny avoid shy possibility possibility gets remember showing certain certain avoid shy taste supervise supervise taste supervise taste supervise supervise taste supervise taste parent breed breed breed boyfriend swallow save licks maybe prop mystery breaking licks certain certain certain avoid certain certain avoid shy courtyard treat newspapers certain certain certain certain certain
time happy confident feelings show look mirror smile make different faces smile around friends look like life outside trying get attention guys ignore completely get obsessive either walk shoulders loosely relaxed swing hips little otherwise give guy idea trying hard maybe get compliment back brush likely interested cases guys look every opportunity compliment girl let know comfortable things usually starts conversations become guy relationship though sure enough back like pick book dropped hallway try least give year two man make sure laugh jokes else might think trying hard ask interests likes fun talk boys act independent confident boys go crazy like flirt boys really likes need sexy side time make stand much think way comfort zone trying hard likes think inappropriate extremely uncomfortable good keep remember someone absolutely amazing love keep looking find	make sure happy appearance practice walking home class together try complimenting saying wow really like handwriting like shirt accidentally knocks something try picking handing smile shy around sure likes nervous asking play hard get intimate conservative like truly problem obviously perfect guy	perfect creative supervise supervise supervise lost certain avoid certain certain certain avoid certain avoid shy trusted certain certain certain avoid shy glue certain certain certain avoid certain certain certain certain avoid shy germs certain certain certain avoid certain certain avoid shy certain certain certain avoid certain certain avoid shy germs prop mystery breaking licks certain certain certain certain avoid shy germs mystery dig licks mystery certain certain certain avoid certain certain avoid shy glue showing certain certain avoid certain certain certain avoid certain certain avoid certain certain avoid shy certain certain certain avoid shy mystery showing certain certain avoid certain certain avoid certain certain certain certain avoid shy certain certain avoid certain certain certain avoid shy shy however supervise mystery showing certain certain certain avoid shy shy completely however day lost certain certain certain certain certain avoid shy certain certain avoid shy mystery showing certain certain certain certain certain avoid
add additional detail said exchanged phone numbers example look person lying directly eye smile act like nervous either telling absolute truth need go tell lie without getting caught wikihow	tell friend asked liked said yes believe tell flirts example whispering love ear type little flirting tell staring moment speaking remember act like lying	delay checking changes shy supervise preserve taste supervise supervise taste supervise supervise meats certain certain courtyard changes tree mystery showing certain certain certain certain avoid certain funny progress certain certain certain certain avoid shy licks prop kibble newspapers boyfriend changes dig develop newspapers changes dig develop newspapers changes mystery breaking licks physical squeaking furry breed breed breed boyfriend save braid pigs progress meats certain certain avoid certain certain certain certain avoid certain certain certain certain avoid shy germs mystery certain certain certain funny progress certain certain certain certain certain funny parent certain certain avoid shy germs mystery showing dig pain licks monthly pain dive treat squeaking boyfriend pain dive remaining although lost certain certain certain avoid certain certain certain certain avoid certain certain avoid shy shy germs swallow reaching tree mystery showing certain certain certain avoid certain certain certain avoid certain certain certain certain certain funny avoid certain certain certain
remember boy courtesy say anything offensive help break relationship weeks months talking eventually feel comfortable around friend already knows acquaintance completed hardest step introduction try find mutual friends two thus giving ways introduce mainstream girl going want date mainstream girls life going want date unique girl lets personality style shine might sound crazy establishing long eye contact lets know listening paying attention saying get sudden spurts energy nervousness try pushing toes together shoes get rid energy nervousness also cross fingers side simply start twiddling thumbs side conversation goes silent change topic say go let conversation go silent long conversation could become quite awkward make even nervous around boy best plan want leave right finishes sentence shows cut middle talking something thinks important thus giving good impression attentiveness	make sure boy interacting middle conversation mumbling incoherently former approach take deep breath get nervous feelings begin talking develop sense comfort two get ball rolling act normally talk interests try look eyes try stay calm avoid awkward silences make considerate exit	contacts shy showing dig develop taste supervise supervise taste supervise supervise supervise regarding taste regarding certain certain certain avoid funny progress meats certain certain avoid certain certain avoid shy glue certain certain avoid certain certain certain avoid shy germs prop mystery breaking licks certain certain certain avoid certain certain funny certain certain avoid shy courtyard changes mystery dig develop newspapers boyfriend certain certain certain avoid courtyard changes tree mystery dig develop newspapers certain certain certain certain funny avoid shy treat supervise supervise taste supervise supervise taste supervise meats keeping gets taste remember showing certain certain certain avoid shy germs mystery showing certain certain certain avoid certain certain certain avoid shy germs certain certain certain funny courtyard changes shy mystery showing dig develop dolphin certain certain certain avoid certain certain certain certain avoid shy dolphin certain certain certain certain certain avoid certain certain avoid certain certain certain certain avoid dry certain
place front withers slide little bit back two three inches front place saddle remember slide saddle pad forward since irritates horse skin always use clean soft dry saddle pad dirty stiff one launder saddle pad every week careful put saddle gently check sits comfortably horse far forward far back either side feel along horse shoulder bone check far forward pinching finally attach straps saddle pad saddle billets saddling horse pull saddle pad gullet saddle secures pad prevents rubbing uncomfortably horse girth snug enough hold saddle place tight pinching restricting horse well fitted girth enough space snugly fit two fingers girth horse remember attach girth first last billets saddle horses blow suck air girth fit tightly horse lead arena tighten girth mounting	put horse saddle pad pick saddle set saddle horse back attach girth	messy parent certain certain avoid certain certain certain funny parent certain certain avoid tree mystery showing certain certain avoid certain avoid shy glue certain certain certain avoid shy germs mystery dig licks monthly mystery physical squeaking licks maybe certain certain certain avoid shy mystery breaking licks licks monthly certain certain certain funny avoid certain certain avoid shy germs swallow mystery physical hold cheap certain certain certain avoid certain certain courtyard pain cagemate colouring dolphin certain certain certain certain funny treat supervise supervise taste regarding parent certain certain certain avoid certain certain certain certain certain certain courtyard pain pain mystery physical always supervise supervise pour parent certain certain avoid certain certain avoid certain certain certain avoid certain certain certain certain certain avoid certain certain certain certain certain avoid certain certain certain avoid shy certain certain certain funny progress certain certain certain funny avoid shy treat supervise supervise meats five certain certain
hibernation possibility watch hamster closely several minutes look signs breathing aware whole hamster body systems slow breathing rate become slow one breath every two minutes watch hamster two minutes possible blink miss one breath watch two minutes could wrongly assume hamster dead see hamster breathing feel heartbeat heart rate hamster slow significantly four beats minute one beat every seconds difficult find hamster heart beat tiny use forefinger thumb one hand place either side hamster chest behind elbows apply gentle pressure sufficient could hold hamster way stop running away without hurting wait patiently feel heartbeat finger tips worry hamster feels cold automatically mean dead hibernation process triggered chilling body temperature drop match environment one difference indicates death rigor mortis hamster feels stiff hard like board may rigor mortis sign death	watch hamster see breathing try detect heartbeat ignore body heat indicator hibernation death check hamster body stiffness	messy dance certain certain certain avoid certain certain avoid shy germs mystery showing certain certain avoid certain certain avoid shy licks prop mystery certain certain certain certain certain avoid certain certain funny courtyard treat squeaking tilting sadness boyfriend tree squeaking furry certain certain avoid shy supervise taste supervise supervise taste supervise meats certain certain certain certain certain certain certain certain avoid certain certain avoid shy certain certain certain certain avoid shy germs mystery showing certain certain avoid certain certain certain avoid certain certain certain avoid certain certain avoid shy germs mystery showing certain certain certain certain avoid certain certain certain certain certain funny avoid certain certain certain avoid certain certain certain funny avoid certain certain avoid certain certain certain funny avoid shy possibility supervise mystery showing certain certain avoid certain certain certain certain avoid certain certain avoid certain funny parent certain certain certain avoid shy germs mystery showing dig licks
create lining floor guinea pig lining catch droppings leave behind cage also provide natural boundary guinea pig encouraging stay one place returned guinea pig cage remove lining floor fold edges rolling prevent debris falling lining onto floor used newspaper throw trash used fleece blanket gently brush debris trash wash blanket using poop fell lining scoop quickly keep plastic spoon cup handy right next cage pick poop spoon drop cup dump cup trash done guinea pig may able trained go newspaper litter every time see guinea go move newspaper box litter afterwards give carrot vegetable weeks may start use litter	lay newspaper fleece blanket floor time roll lining floor time scoop poop plastic spoon cup litter train guinea pig	contacts messy however supervise supervise certain certain certain avoid certain certain certain funny avoid certain certain avoid certain certain avoid shy certain certain certain funny progress certain certain certain certain certain avoid certain certain avoid shy possibility possibility advice comfortable shy dolphin certain certain certain certain certain avoid certain certain certain certain certain avoid certain certain certain funny avoid shy treat licks monthly pain pain however mystery physical always supervise supervise pour gets gets flow prop charming charming certain certain certain certain certain certain avoid shy courtyard treat squeaking furry breed breed save breed breed swallow mystery physical squeaking boyfriend pain pain pain however supervise supervise pour gets laying certain certain certain avoid certain certain avoid certain certain certain avoid shy mystery showing certain certain certain avoid certain certain certain avoid shy germs mystery showing dig licks dig develop monthly tree furry walk certain certain certain certain funny avoid courtyard
encountered tiger wild use location help determine whether cat siberian tiger tigers prefer warm weather climates siberian tigers however live cold rule however apply tigers captivity zoos import animals world even local climate different animals natural habitat one defining features siberian subspecies habitat siberian tigers live principally eastern russia however venture north korea northern regions china contrast second largest tiger bengal tiger lives indian south east asia today siberian tigers predominately live remote mountainous areas typically prefer birch forests contrast bengal tiger similar size lives wet tropical climates unlike large cats tigers solitary exception mating male female siberian tigers spend days together mate female bear cubs approximately days birth mother care bus months set time year siberian tigers mate female however generally try mate around four years old average mother siberian tiger birth litter cubs venture old enough daughters usually find territory near mother whereas sons venture	ask cold enough siberian tiger consider whether far enough north siberian tiger look mountainous woodlands look mating pattern	veggies riding parent licks monthly glue glue progress certain certain avoid certain certain certain avoid shy germs mystery dig licks maybe develop monthly tree mystery showing certain certain avoid certain certain avoid shy germs certain certain avoid certain certain funny courtyard treat treat licks monthly five treat squeaking squeaking boyfriend pain pain mystery physical squeaking squeaking boyfriend pain dive treat beddings remaining licks certain certain avoid shy possibility supervise supervise supervise preserve feeding supervise availability certain certain avoid certain certain avoid shy certain certain avoid certain funny behaves certain certain avoid tree mystery showing certain certain avoid certain certain certain avoid tree funny progress certain certain certain avoid certain certain avoid certain certain avoid certain certain avoid shy germs mystery showing dig dig develop newspapers treat squeaking boyfriend pain pain cagemate laying certain certain certain avoid shy certain certain funny avoid certain certain certain avoid certain funny progress certain certain
carry hamster make sure hands always close surface cage table floor hamster tumble ensures fall far carrying hamster across room might want keep hamster close body keep secure transporting hamster short distance inside house might want put cup instead use small paper plastic cup gently scoop hamster cup carry keep hand top prevent climbing keep fingers slightly spaced air breathe hamsters chew paper products paper cups cardboard boxes aware hamster may start chewing long use paper products transporting hamsters short distances clear plastic pet carrier best option transporting hamster long distances taking hamster vet cleaning cage move hamster cage carrier fill carrier bedding use cage may also want put chew toys treats inside keep occupied carry carrying hamster move slowly jostle hamster might accidentally injure also run risk dropping extremely careful walk hamster simply taking hamster play might consider moving cage next play area less room fall	hold hamster close surface carry hamster cup use hamster carrier walk slowly	girth laying certain certain certain certain avoid shy germs mystery showing dig spend tree showing tree laying certain certain certain avoid certain certain certain avoid shy possibility possibility certain certain certain funny progress certain certain certain certain certain certain funny certain certain avoid shy coconut possibility possibility advice wheel breed breed breed boyfriend pain licks maybe certain certain certain certain certain certain avoid shy germs mystery showing dig certain certain certain avoid shy supervise mystery breaking licks certain certain avoid shy possibility supervise supervise taste supervise supervise supervise lost middle gets changes possibility regarding regarding unexpected changes regarding newspapers changes supervise supervise supervise taste supervise supervise preserve feeding cheap certain certain certain certain funny parent certain certain certain certain certain certain certain certain funny avoid trying possibility regarding regarding newspapers certain certain certain certain certain avoid shy mystery breaking licks physical certain certain certain avoid certain courtyard physical hold cheap
