Review,Original Summary,Predicted Summary
pope francis on tuesday called for respect for each ethnic group in speech delivered in myanmar avoiding reference to the rohingya minority community as the nation works to restore peace the healing of wounds must be priority he said the pope myanmar visit comes amid the country military crackdown resulting in the rohingya refugee crisis,start pope avoids mention of rohingyas in key myanmar speech end,start pope urges un to give speech on rohingya refugees end
students of government school in uttar pradesh sambhal were seen washing dishes at in school premises on being approached basic shiksha adhikari virendra pratap singh said yes have also received this complaint from elsewhere we are inquiring and action will be taken against those found guilty,start students seen washing dishes at govt school in up end,start school students fall ill after being raped by up school end
apple india profit surged by 140 in 2017 18 to crore compared to ã¢ââ¹373 crore in the previous fiscal the indian unit of the us based company posted 12 growth in revenue last fiscal at ã¢ââ¹13 crore apple share of the indian smartphone market dropped to 1 in the second quarter of 2018 according to counterpoint research,start apple india profit rises 140 to nearly ã¢ââ¹900 crore in fy18 end,start apple profit rises to ã¢ââ¹1 crore in march quarter end
uber has launched its electric scooter service in santa monica us at 1 to unlock and then 15 cents per minute to ride it comes after uber acquired the bike sharing startup jump for reported amount of 200 million uber said it is branding the scooters with jump for the sake of consistency for its other personal electric vehicle services,start uber launches electric scooter service in us at 1 per ride end,start uber launches 1 2 million in electric car startup end
around 80 people were injured in accidents related to kite flying during celebrations of makar sankranti in rajasthan jaipur officials said the victims included those who fell while flying kites and those injured by glass coated kite string officials added meanwhile around 100 birds were reported to be injured by between january 13 and 15,start 80 people injured in flying related accidents in jaipur end,start 1 killed injured in rajasthan due to heavy rains end
uk entrepreneur richard browning has announced the launch of his startup gravity which has created flight jet powered suit that will be priced at about ã¢ââ¹1 3 crore the suit has custom built exoskeleton with six attached micro jet engines fuelled by kerosene from backpack browning claims the can travel at speed of up to 450 kmph,start startup makes ã¢ââ¹1 3 crore jet powered flying suit end,start startup launches ã¢ââ¹1 crore to make flying taxis end
andhra pradesh chief minister chandrababu naidu on monday announced that his government will provide 100 units free power to most backward classes he added that the government would also give aid of up to ã¢ââ¹15 lakh to backward classes for foreign education we will spread out the poverty eradication program under pro basis he further said n,start most backward classes to get 100 units free power andhra cm end,start andhra to get 100 000 free from cm yogi adityanath end
taking dig at pm modi congress president rahul gandhi tweeted while our pm around his garden making yoga videos india leads afghanistan syria in rape violence against women this comes after thomson reuters foundation survey declared india as world most dangerous country for women pm modi shared video of himself doing yoga and other exercises last week,start pm modi makes yoga videos while india leads in rape rahul end,start pm modi wishes rahul on women in india end
external affairs minister sushma swaraj on saturday called upon the united nations to pass the comprehensive convention on international terrorism to end pakistan sponsored terrorism proposed by india in 1996 aims to arrive at universal definition of terrorism ban all terror groups prosecute terrorists under special laws and make cross border terrorism an offence,start india calls on un to pass global anti terror convention end,start un asks india to pak to help terrorism terrorism end
the 23 richest indians in the 500 member bloomberg billionaires index saw wealth erosion of 21 billion this year lakshmi mittal who controls the world largest steelmaker arcelormittal lost 5 6 billion or 29 of his net worth followed by sun pharma founder dilip shanghvi whose wealth declined 4 6 billion asia richest person mukesh ambani added 4 billion to his fortune,start lakshmi mittal lost 10 bn in 2018 ambani added 4 bn end,start indian economy richest man loses 50 billion in one day end
the haryana police have arrested 19 year old for killing 75 year old woman after attempting rape on her in village in the state the accused gagged the victim with scarf and hit brick on her head when she shouted for help the teenager mother then washed the blood from their house and outside to save him,start teen kills lady after rape attempt mother cleans blood to save him end,start haryana man kills self for raping killing her end
a in pakistan has been jailed for 24 years for blackmailing and harassing nearly 200 lady doctors and nurses he introduced himself as military intelligence official according to the complainant who filed the case he was arrested in 2015 for hacking the whatsapp accounts of lady doctors blackmailing them with objectionable content and extorting money from them,start pak jailed for harassing 200 lady doctors nurses end,start pak doctor jailed for 30 yrs for stealing end
a doctor at andhra pradesh government hospital allegedly attacked the hospital superintendent with an injection containing hiv infected blood while the attempt to inject the infected blood was thwarted he managed to spray the blood on the senior dress the accused who said he only wanted to scare the superintendent was reportedly upset over being reprimanded by him,start andhra doc tries to senior with hiv infected blood end,start andhra hospital doctors surgery with hiv blood end
after congress vice president rahul gandhi slammed pm narendra modi while talking at the university of california party leader anand sharma backed him saying it justified to condemn prime minister in democracy if they bjp leaders think we ll ask them before making any statement they are wrong they should be prepared for this kind of attacks he added,start pm justified in democracy cong on rahul remark end,start pm modi should be used to remove cong leader end
former england cricket team spinner ashley giles will succeed former captain andrew strauss as the managing director of england men cricket in january the ecb has confirmed tom harrison the chief executive described giles as the candidate amongst very strong field giles was part of england 2005 ashes winning team,start appointed director of cricket end,start ex england captain to be charged with icc end
a case has been registered against raja chauhan for firing gunshots in violence during bharat bandh called by dalit groups in madhya pradesh gwalior on monday video showing chauhan alleged to be bjp worker firing during the protest had surfaced online of the 12 people killed during the nationwide protests at least three were from gwalior,start case filed man who fired in dalit protests end,start fir against cop for refusing to visit sabarimala end
there are believed to be 80 different ways to spell the name of english playwright william shakespeare including and shakespeare is known to have signed his name using variations such as and due to no proper documentation april 23 is regarded as his birth date and april 23 as his death date,start there are 80 recorded ways to spell shakespeare end,start how did the name of the name of the year end
actor shahid kapoor while speaking about ranveer singh portrayal of alauddin khilji in the film padmaavat said he would have played the character differently we are two different actors and our style of acting is different he added earlier ranveer had said he would have played shahid character in the film better than shahid,start i would have played khilji differently shahid kapoor end,start shahid will be made in padmaavat shahid kapoor end
minors cannot opt out of aadhaar after turning 18 year old since it not permissible under the aadhaar act uidai has told the supreme court they can lock their biometrics permanently and can unlock it temporarily if needed for biometric authentication further the sc was told the biometrics failure rate at the national level was 6 for fingerprints and 8 54 for iris,start minors can opt out of aadhaar after turning 18 uidai end,start aadhaar can be used for not aadhaar linking uidai end
producer ekta kapoor slammed karni sena threat that they will cut deepika padukone nose over the row on padmavati and asked aren we getting these jailed for open threats and attacks in the tweet she also wrote about an incident wherein people threw bottles at her at an event in jaipur over her tv series akbar,start aren those threatening deepika getting jailed asks ekta end,start deepika slams padmavati for not wearing hijab in padmavati end
talking about being ranked 7th on forbes list of world highest paid actors 2018 akshay kumar said it feels good but never take these lists too seriously they keep changing like seasons he further said the idea is only to do good better and best work but of course forever grateful when things like these come my way,start feels good akshay on being 7th highest paid actor end,start i have never paid more than akshay on nepotism end
an indian origin couple was killed by their daughter ex boyfriend in an apparent revenge crime in the us on friday the 24 year old suspect mirza fatally shot naren prabhu silicon valley tech executive and his wife in san jose the police called the swat team after stand off with who was later killed after bullet hit him,start indian origin couple killed in revenge crime in us end,start indian origin woman shot dead in us end
a 64 year old father and his 35 year old daughter flew their last flight together as british airways pilots on thursday david said he felt mixed emotions at retiring and was glad his daughter kat would continue their legacy the two had flown together numerous times and kat said she believed their father daughter bond helped them in the cockpit,start father and daughter fly last flight together as ba pilots end,start father daughter flight makes baby harassed by her end
pakistan chief selector inzamam ul haq nephew imam ul haq collided with wicketkeeper brien and kane while completing single off ireland first ever test delivery on saturday debutant imam fell flat on his back after his head into brien hip while trying to make his crease uncle would ve just both fielders user tweeted reacting to the incident,start imam collides with two on ireland first test ball end,start shoaib akhtar was once hit by his 1st ball in the end
reacting to apple launch event on wednesday several users took to twitter saying dual sim they are really going after indians here tweet read the iphone xs max will come in smaller model ipad mini while another mocked weakening rupee against dollar saying apple watch series can detect fall someone make the rupee wear it,start dual sim they re going after indians twitter on new iphones end,start apple india tweets user on iphone with end
pakistan on sunday rejected india request for consular access to kulbhushan jadhav for the time saying he is not an ordinary citizen pakistan foreign office claimed that he was sent by an indian intelligence agency and that he killed several innocent pakistanis jadhav was sentenced to death by pakistani military court in april on charges of espionage,start pak denies india consular access to kulbhushan for 18th time end,start pak rejects india plea for jadhav to jadhav end
a 9 year old south african child has become only the third known case worldwide to show signs of aids virus long term remission without any drugs the child was given anti aids medicine for 10 months till the age of one which helped lower hiv levels from very high to the kid was then taken off drugs as part of trial,start 9 year old found to control hiv without any treatment end,start teen who raped 10 yr old in korea end
a 23 year old female finnish tourist was found dead at hotel in tamil nadu chennai on wednesday the police who retrieved drugs from the hotel room suspect that the woman died of drug overdose an investigation has been launched into the incident and the police are questioning the woman boyfriend,start finnish tourist found dead in tn drug overdose suspected end,start tn tourist found dead at hotel in tamil nadu end
us president donald trump has told his south korean counterpart moon jae in that his country is open to talks with north korea at the appropriate time under the right circumstances trump also assured jae in that there would be no us military action against north korea as long as south korea is having dialogue with the reclusive nation,start us open to talk to north korea under right end,start trump will open to korea if korea is new chief end
actress yami gautam has said rajkummar rao would have been amazing as the lead character vicky in the 2012 film vicky donor the character was originally portrayed by ayushmann khurrana who made his bollywood debut in the film while yami played the female lead when asked who would have played yami character well ayushmann had earlier taken bhumi pednekar name,start rajkummar would have been amazing as vicky in vicky donor yami end,start rajkummar rao to star in rajkummar rao end
an east german secret police identity card belonging to russian president vladimir putin when he was soviet spy has been found in police archives in the city of dresden the card was issued in 1985 when putin was mid ranking soviet spy stationed in dresden in communist east germany which was then under russian occupation,start putin spy id card found in germany end,start german spy putin caught with putin end
bangladesh pm sheikh hasina has accused myanmar of finding new excuses to delay the return of over lakh rohingya muslims who fled myanmar to enter bangladesh over the past year adding that under no would the refugees remain permanently in bangladesh hasina said already have 16 crore people in my country can take any other burden,start myanmar delaying tactics blocking rohingya return desh end,start bangladesh accuses myanmar of rohingya return to myanmar end
surat police has issued summons to former gujarat bjp vice president jayanti bhanushali in connection with rape case against him 21 year old girl from surat has accused him of raping her multiple times since november 2017 after promising to get her admitted to fashion designing institute bhanushali resigned from his position following the rape accusation,start police ex gujarat bjp vice president in rape case end,start gujarat police release ex bjp leader in rape case end
technology giant google will reportedly prioritise articles in the search results from those publications which are subscribed by users the company will also start sharing search data that show the users which are most likely to buy subscription this is part of the technology giant efforts to help media companies find and retain paying readers,start google may prioritise stories for paid news subscribers end,start google to report on users search results end
india is model for peacefully resolving maritime disputes and strong provider of security us navy secretary richard spencer has said praising india for peacefully resolving maritime border dispute with the us in the indo pacific region the relationship between the us and india is based on our shared values and desire to preserve peace the us official added,start india model for maritime disputes us end,start india us has been an indian american model end
the archaeological site rani ki vav that features on the rear of new ã¢ââ¹100 notes is unesco world heritage site in gujarat patan the 11th century site is which was built by the solanki dynasty queen as memorial for her deceased husband in 2016 it was awarded the cleanest iconic place in india title,start what is the importance of rani ki featured on new ã¢ââ¹100 note end,start jacqueline launches new ã¢ââ¹100 crore club in delhi end
the us has accused china of pointing military grade blinding lasers at its pilots in djibouti in nearly 10 such incidents in the past few weeks two us military pilots suffered minor eye injuries in one case officials said while the us has military base in djibouti since 2001 china opened its first overseas base in the region last year,start us accuses china of lasers at its pilots eyes end,start us accuses china of its troops in military end
a fake news update is being shared on whatsapp which claims that the government provides compensation in case of death due to accident it claims that if person dies in an accident and has been filing his income tax since the last three years the government will provide compensation equivalent to 10 times his average annual income,start news about money from government in accidental deaths fake end,start fake news on whatsapp death case to help govt end
sridevi starrer song hawa hawai from the 1987 film mr india has been recreated for vidya balan film tumhari sulu the vocals of kavita krishnamurthy who sang the original song have been retained and the new version has been recreated and programmed by tanishk bagchi directed by suresh triveni tumhari sulu is scheduled to release on november 17,start hawa hawai recreated for tumhari sulu end,start vidya balan starrer kedarnath song end
the us state department has approved the sale of 160 missiles to the united arab emirates for an estimated 2 billion over ã¢ââ¹12 800 crore the pentagon said on thursday describing uae as force for political stability in the middle east the pentagon stated this proposed sale will contribute to the foreign policy and national security of the united states,start us approves sale of missiles worth ã¢ââ¹12 800 crore to uae end,start us approves sale of uae for arms sale to malaysia end
iran would not comply with the fully illegal us sanctions and would not discuss the volume or destination of its oil exports amidst the sanctions iranian oil minister zanganeh said on thursday the us sanctions targeting iran key economic sectors like oil and gas shipping and banking were imposed following the us withdrawal from the 2015 iran nuclear deal,start iran says it will not comply with illegal us sanctions end,start iran won us sanctions against iran over sanctions end
pornstar stormy daniels has been ordered to pay us president donald trump nearly 293 000 in legal fees and sanctions after her defamation suit against him was dismissed daniels alleges she was paid to hide her alleged affair with trump in 2016 she sued trump for defamation after he called her claims total con job in tweet,start pornstar stormy daniels ordered to pay trump 000 end,start pornstar pay for trump over fake news of lawsuit end
windies all rounder dwayne bravo compared team india and rcb captain virat kohli to footballer cristiano ronaldo admire the talent he has the passion and talent that he has for the sport and the way he plays bravo added notably ronaldo is champions league all time top goalscorer with 120 goals and is the leading scorer this season with 15 goals,start virat kohli is cristiano ronaldo of cricket dwayne bravo end,start chris gayle kohli to be named after ronaldo end
singer ariana grande visited young children in hospital who were injured after blast at her concert in manchester uk in may the 23 year old singer presented t shirts and gifts to the young children ariana along with justin bieber miley cyrus and coldplay will perform on june to raise funds for the victims of the terrorist attack at the concert,start ariana grande visits kids injured after blast at her concert end,start singer chris gayle steals kids shot dead in rajasthan end
a former uber manager robert miller had reportedly warned uberã¢ââs executives about safety issues before the fatal self driving car crash in arizona in march ã¢ââthe cars are routinely in accidents resulting in damage this is not how we should be operating ã¢ââ miller had said he added ã¢ââseveral of the drivers appear to not have been properly vetted or trained ã¢ââ,start ex uber exec warned staff before self driving crash report end,start ex uber ceo claims self driving cars report end
in chhattisgarh bharatpur assembly constituency village there are only four voters with three belonging to the same family to reach the forest village situated 15 kilometres away from the main road six kilometre rocky path and river have to be crossed the election officials will reach the village day before and erect tent for the voters,start chhattisgarh village has only voters from same family end,start only 10 lakh votes in up to have electricity end
aimim president asaduddin owaisi has said that no beef ban in three northeast states which will go to polls next year reflects dual standards and hypocrisy in up bjp is doing appeasement of hindutva forces he added his remark came after the bjp clarified that it will not impose beef ban in northeastern states if voted to power,start no beef ban in poll bound northeast shows owaisi end,start no ban on cow slaughter ban in 2019 owaisi end
taking dig at bjp for its proposed rath yatra west bengal cm mamata banerjee on friday said that rath yatras are not carried out to kill people those who carry out yatras to kill common people indulge in yatras she added this comes after calcutta high court recently put stay on bjp rath yatra in the state,start rath yatras are not carried out to kill people wb cm end,start no death toll in wb cm mamata end
a picture of russian mp natalya leaning against wall ahead of vladimir putin inauguration has gone viral reacting to the picture twitter user wrote current mood natalya other users tweeted am natalya at every party and maybe she was ordered to open and close the door,start pic of mp leaning against wall before putin oath goes viral end,start video shows mp cm goes viral after being putin end
actor purab kohli has said that the release of films on fridays is like the appraisal period for actors just like employees in corporate offices have their annual appraisal period where they get nervous about what will happen with their salaries we actors too feel the first friday said purab he added that ultimately audience is the best judge,start friday releases are like period for actors end,start film industry is the biggest film industry end
a new trailer of the hindi version of deadpool has been released where ranveer singh is seen voicing ryan reynolds who plays the lead role of deadpool bollywood desi cool is india deadpool tweeted fox star india the distributors of the film in india earlier another trailer had been released which featured different voice artiste,start ranveer singh voices reynolds in deadpool hindi version end,start new trailer of ranveer singh starrer october released end
the archaeological survey of india asi has banned selfie sticks at its 46 site museums across the country including taj museum in agra and indian war memorial museum in delhi further the visitors would need to get permission for using flash multiple lenses and carrying large photography bags 15 days before the scheduled visit,start selfie sticks banned at 46 site across india end,start indian museum banned from delhi museum end
indian commodity exchange on monday commenced operations as the world first diamond futures exchange indian manufacturers most require this type of financial product md prasad said adding shall offer fair transparent and nationwide market bringing in large market participation into diamond trade the exchange is backed by companies like reliance capital and,start worldã¢ââs 1st diamond futures exchange starts trading in india end,start indian origin malaysia adds first ever to be valued at end
the us state department on thursday imposed sanctions against the chinese military for buying russian sukhoi su 35 fighter jets and s 400 air defence missile systems the us also blacklisted 33 people and entities associated with the russian intelligence china has called on the us to withdraw the sanctions or bear the consequences,start us sanctions china for buying russian jets missiles end,start us sanctions against russia over military missiles end
the mumbai police on wednesday cancelled the conditional licences granted to the three of the city dance bars for failing to comply with fire safety norms the establishments didn respond to repeated show cause notices and failed to produce the required documents during the hearing police said in 2016 the supreme court had permitted these bars to operate after the ban,start licence of mumbai only three dance bars cancelled end,start mumbai police arrest warrant against dog for end
congress president rahul gandhi has told party leaders to strengthen the organisation in such fashion that it is not candidate but the party that will fight the election party mp pl punia claimed state incharges have been told to identify the strong and weak booths while special attention is being given to shakti congress interaction platform for workers,start rahul told us party will fight polls not candidate cong mp end,start rahul gandhi not to fight in polls congress mp end
japanese conglomerate softbank is still considering if it should sell its reported 20 22 stake in indian e commerce startup flipkart to walmart as per reports softbank ceo masayoshi son will take call in the next 7 10 days the reports added softbank which invested 2 5 billion in flipkart last year would sell the stake for 4 billion reports had earlier suggested,start softbank still considering selling flipkart stake reports end,start softbank may sell flipkart stake in flipkart for 20 yrs end
the bjp has crossed the halfway mark leading in 112 seats in the ongoing karnataka assembly elections for 222 electoral constituencies while the congress is leading in 56 seats the jd has secured lead in 38 seats the voting for two constituencies was postponed due to candidate demise in jayanagar and the voter id row in rr nagar,start bjp crosses halfway mark leads in 112 seats in taka polls end,start bjp crosses 100 seats in taka polls end
kartik aaryan is coming today for live interactive session on huawei mate 20 pro touted in media reports as the king of smartphones at ambience mall gurugram pm onwards first buyer will get chance to the smartphone with kartik as while the next will get to take group selfie with him,start kartik aaryan comes to flag off offline strategy end,start katy perry reacts to live in music festival end
days after bjp and its allies sealed seat sharing arrangement in bihar ahead of 2019 lok sabha polls bjp mp gopal narayan singh said like all over india in bihar also our main brand is pm narendra modiji claiming both jd and bjp are equal partners singh added if bjp needs cm nitish kumar then he also needs bjp,start pm modi is our main brand in bihar says bjp mp end,start bjp is in bihar bjp mp on india end
a mysterious carcass washed ashore an indonesian island suspected of being giant or elephant has been identified by experts us based biologist believes the bloodied creature was decomposing whale other scientists agreed that the remains of plates most likely belonged to the whale indonesia marine authorities said to carry sample to confirm its identity,start dead sea washed up on indonesian coast identified end,start dead bodies of indonesia tsunami found in indonesia end
a farmer in karnataka has filed complaint against bjp workers for allegedly destroying his farmland for constructing helipad for party president amit shah he claimed the bjp workers had entered the land forcefully and abused him when he questioned them bjp spokesperson prakash said that any high handedness by local leaders will be looked into,start farmer claims bjp workers destroyed land for shah end,start farmer uses own land to amit shah for karnataka temple end
the supreme court has banned all construction activities in maharashtra madhya pradesh uttarakhand and chandigarh till october the interim order came after the states and the union territory failed to comply with the court order to come up with policy on solid waste management the attitude of the states union territories is pathetic to say the least the court said,start sc bans construction in maharashtra mp uttarakhand end,start sc bans construction of maharashtra mp uttarakhand cm end
mumbai based startup taxi fabric co founder has been accused by his former colleague swapna nair of sending her ck pics even after she asked him not to send them he repeatedly kept talking about how my dark skin would make him hard instantly said swapna tried to change the conversation but it was impossible without his ck interrupting she added,start taxi fabric founder accused of sending ck pics to ex colleague end,start mumbai startup accused of molestation case end
after passenger who travelled in air india newark mumbai flight complained of bed bugs in their business class seats the airline claimed may have happened due to the current weather conditions apologising for the inconvenience air india also offered to refund 75 of the passenger fare the passenger had tweeted photo of bite marks all over her arm,start air india blames weather for bed bugs in business class end,start air india flight delayed by may have been end
the bombay high court on monday accepted maharashtra government proposal that it wouldn allow children below 14 years of age to participate in the dahi handi festival which witnesses several injuries to youngsters however the bench refused to impose any restriction on the height of human pyramid formations during the festival notably since 2014 children below 18 years weren allowed,start hc accepts maha govt 14 yrs age restriction for dahi handi end,start hc dismisses plea to school kids in maharashtra end
the rajasthan high court has issued notice to the centre asking why condom advertisements cannot be shown on tv between am and 10 pm the court was hearing petition filed by nonprofit organisation which has called the order arbitrary and meaningless earlier this month the ministry had issued an advisory restricting timings of condom ads,start raj hc issues notice to centre over condom ads restrictions end,start hc notice to ban on fake news on rajasthan govt end
an 80 year old woman threw coins into the engine of plane at shanghai airport for good luck on tuesday all 150 passengers were evacuated and the flight was delayed for nearly six hours after one of the nine coins she threw entered the engine the woman has been exempted from jail because she is aged over 70 the police said,start woman throws coins into plane engine for luck delays flight end,start woman stuck in flight gets stuck in prison end
actress margot best known for playing the role of lois lane in the superman film franchise of the 1970s and 1980s passed away on sunday at the age of 69 an autopsy will be performed to determine the cause of her death margot who suffered from car accident in 1990 had experienced long term mental health issues,start actress who portrayed lane in superman film passes away end,start actress passes away at cannes end
zaheer khan fiancãâ actor sagarika ghatge posted picture on instagram of the couple in which zaheer new clean look sagarika captioned the picture came back home to this stranger doing rather well cricketers including ravindra jadeja hardik pandya rohit sharma and ajinkya rahane also posted selfies on instagram earlier,start zaheer broke the beard rather well says fiancãâ sagarika end,start zaheer khan shares pic with his wedding reception end
for the first time bcci anti corruption unit has restricted cricketers from meeting outsiders in private during the two ipl matches on may 10 and 13 in kanpur players will only be allowed to interact with outsiders in the presence of the hotel manager in the lobby additionally phone records of players and franchise owners would be checked daily,start players barred from meeting outsiders during ipl end,start players players for ipl 2018 at ipl 2018 end
kareena kapoor has said that shah rukh khan is india biggest romantic hero when you go to any corner of the world when you say india the first thing that comes to your mind is shah rukh khan she added kareena further said he has touched people lives with his roles his passion his genuine love and his charm,start shah rukh khan is india biggest romantic hero kareena end,start i am the biggest indian tweets srk on big films end
aligarh mayor mohammed on wednesday confessed that he did not remember the national anthem completely but that he respected it listen to the national anthem every day stand and pay respect to it he added reporters had asked to recite the national anthem after addressing his first press conference after assuming charge as the city mayor,start don remember the national anthem completely aligarh mayor end,start i don want to visit cow to make me owaisi end
reacting to kylie jenner naming her baby stormi webster twitter user wrote if ever have child ll be naming it north chicago storm weather forecast commented another user while referring to north and chicago the daughters of kylie half sister kim kardashian another tweet read it wasn going to be called something boring like brenda,start will name kid tweets user on kylie naming kid end,start twitter users react to baby girl who trolled end
the union home ministry has warned that threat to prime minister narendra modi is at an all time high the home ministry has laid down security protocol which includes even ministers and officers to be cleared by special protection group spg staff before they can come close to pm modi this comes after maharashtra police seized documents mentioning rajiv gandhi type incident,to pm at all time high even ministers need clearance to meet him end,start pm modi calls for security in 26 11 attacks end
the pakistan cricket board welcomed ab de villiers to the pakistan super league with tweet that read the goat from south africa is now part of psl warm welcome to the former south african international announced his arrival with video captioned it time for so there going to be party in february,start goat now part of psl pcb welcomes ab de villiers to psl end,start shoaib akhtar calls for his third place in pakistan end
us senator elizabeth warren has proposed new wealth tax which would cost the world richest person jeff bezos 4 1 billion in the first year warren proposed wealth tax of 2 on americans with assets above 50 million and 3 on all fortunes above 1 billion almost all of bezos 137 1 billion wealth is tied up in amazon stock,start us senator proposes new tax that would cost bezos in first year end,start world richest man bezos net worth tax on first day end
producers of john abraham and diana penty starrer parmanu the story of pokhran have announced its release date as march clashing with anushka sharma pari there are 000 theatres so it not about clashing for me it like bringing two films of different genres together the co producer of both the films prernaa arora said,start john starrer parmanu to clash with anushka pari end,start john abraham starrer pad man to release in goa end
a nasa backed study has found tremendous amounts of soot lofted into air from global wildfires following the dinosaur killing asteroid strike 66 million years ago would have plunged earth into darkness for nearly two years this would have shut down photosynthesis and drastically cooled the planet leading to mass extinction of three of species on earth back then the study added,start dino killing asteroid might have brought years of end,start asteroid could be shot at earth in years study end
terror attacks persist in jammu and kashmir despite prime minister narendra modi threats to pakistan for being lenient towards terror outfits an editorial in shiv sena mouthpiece saamana has said refuting the centre assurance regarding the situation being under control at the india pakistan border the editorial said the area was still,start terror attacks in despite pm modi threat sena end,start terror attack in pak pm modi to terror attack end
nagaland under 19 girls team was dismissed for two runs in 17 overs while playing against kerala in the ongoing bcci women under 19 one day league on friday nagaland opener top scored for the team with run while the other run came off an extra kerala hit boundary on the first ball winning with 299 balls to spare,start nagaland team all out for runs rivals win on 1st ball end,start kerala women beat to win over 50 runs in the first end
the cemetery in city slovenia has unveiled tombstones with 48 inch interactive screens that can show pictures videos and other digital content the company claims the tombstones are weather proof and cannot be vandalised the tombstones which cost ã¢ââ¬3 000 ã¢ââ¹2 lakh each activate their sensors when someone stands near them,start cemetery gets digital that can play videos end,start video shows how to make it is end
terming congress allegations of corruption in the rafale deal as manufactured union minister of state for defence subhash bhamre on thursday said don try to fool people as they are educated enough he added there have been numerous scams during congress rule and the pm modi led government made sure there were no big scams in these last years,start don try to fool people govt to congress over rafale deal end,start rafale deal not enough to rafale deal cong end
indo canadian youtube star lilly singh also known as superwoman said if you watch something and it makes you laugh great if it doesn that comedy isn wrong it just not suitable for you calling comedy very lilly added the best thing you can do is promote what you love and not bash what you hate,start if it doesn make you laugh that comedy isn wrong end,start if you can you re like you re you re shahid end
scientists have discovered the fossils of an elephant sized mammal that lived alongside dinosaurs during the triassic period about 200 million years ago named the four legged creature belonged to group of mammal like reptiles called we think itã¢ââs one of the most unexpected fossil discoveries from the triassic of europe one of the scientists said,start fossils of like reptile that lived with dinosaurs found end,start scientists find dinosaur era fossil shows how end
the german parliament lower house has approved draft law that partially bans the full face islamic veil for public servants including election officials military and judicial staff while at work the law however allows exceptions such as for health workers protecting themselves against infections or police officers concealing their identity it will now go to the upper house for approval,start german parliament approves partial ban on islamic veil end,start germany bans use of parliament to migrants end
manchester united players including paul pogba marouane fellaini and juan mata met game of thrones actors john bradley west and joe during the team pre season training camp in los angeles john who plays and joe who plays also met josãâ mourinho and posed with united europa league trophy john sported the team away jersey during the interaction,start manchester united players meet game of thrones actors in usa end,start manchester united players utd players play football match end
former apple executive neha rastogi who accused her husband and ceo abhishek gattani of domestic abuse has disclosed audio recordings of gattani abusing and beating her in court statement rastogi said he hit me multiple times on my face arms head belly and abused me gattani was allowed plea agreement and faces 30 days in jail,start ex apple engineer says husband abused hit her several times end,start apple ceo accused of stealing wife harassed her end
former ufc fighter tim hague has passed away aged 34 after suffering knockout in boxing fight the canadian mixed martial artist was taken to hospital on friday after being knocked out by adam but died on sunday hague fought 34 mixed martial arts contests in his career including five ufc fights and held an overall 21 13 record,start former ufc fighter dies after in boxing fight end,start former wwe passes away aged ferrari end
rape convict ram rahim singh adopted daughter honeypreet insan has denied claims of having sexual relationship with her father canã¢âât father put his hand on his head isnã¢âât the father daughter relation sacred relation she questioned honeypreet who is on haryana most wanted list further denied claims of absconding after ram rahim conviction,start can father touch daughter head asks honeypreet end,start ram rahim daughter denies rape by daughter end
talking about modern startup investing silicon valley investor has said we are in the middle of an enormous multi kind of ponzi scheme adding that the investors pressurise the startups to do well he also said they investors aren people writing cheques out of their own balance sheet these are people doing job with other people money,start startup investing is ponzi scheme silicon valley investor end,start we are startups in the app of the year end
former india cricketer sachin tendulkar paid surprise visit to child care centre in mumbai dressed as santa claus on the occasion of christmas on tuesday sachin spent time with the underprivileged children gave them gifts and also played cricket with them the joy on their innocent faces was just priceless he tweeted,start sachin dresses up as santa claus surprises underprivileged kids end,start sachin tendulkar pays tribute to late child end
four sisters were among the 20 killed when limousine crashed into another vehicle in new york in the deadliest transportation accident in the us since 2009 three of the sisters were accompanied by their husbands who also died in the accident you can wrap your head around such tragedy relative of the sisters said,start 4 sisters among 20 killed in crash in new york end,start 3 killed in crash in us end
the madhya pradesh high court has said that the cases related to the vyapam scam will be heard by seven special courts in four major cities of the state earlier the cases were being heard in 16 special courts notably more than 40 people associated with the scam have died under mysterious circumstances since the story broke in 2013,start vyapam scam cases to be heard by seven special courts hc end,start cases of those who will be in jail in rajasthan hc end
cars24 has enabled car owners to sell their cars in less than hours with instant payment in their account the company also handles all paperwork including rc transfer cars24 has over 97 branches across 17 cities pan india and having bought over lakh cars in years it has become the market leader in used car transaction space,start enables car owners to sell their cars in less than hours end,start toyota unveils car that can be sold for cars end
the hearing to decide the quantum of punishment to dera chief gurmeet ram rahim singh will take place through video conferencing on august 28 panchkula cbi court had convicted singh on charges of rape on friday as per reports the punishment can be jail term not less than seven years but may even extend to life imprisonment,start ram rahim to get rape punishment through video conference end,start ram rahim to be in jail in ram rahim case end
us defence research agency darpa has launched persistent aquatic living sensors program that will study the viability of using both natural and modified sea organisms to detect underwater vehicles the system would aim to translate the biological responses of sea life into usable data to warn ships without needing hardware that could alert the enemy of its detection,start us military using sea life to spot threats end,start us defence ministry reveals its first ever end
kidambi srikanth and pv sindhu india top ranked male and female shuttlers respectively were knocked out of the bwf china open tournament in the quarterfinal stage on friday srikanth was beaten by japan kento momota in straight games while sindhu lost to china chen yufei with scoreline that read 11 21 21 11 15 21,start sindhu srikanth both knocked out in china open end,start sindhu reaches india open final for women silver at china end
delhi daredevils batsman shreyas iyer said that coach ricky ponting speech on their first day of training gave the team members goosebumps iyer who also compared the coaching styles of former dd coach rahul dravid and ponting said dravid is calm and cool he likes to follow the process and nurture the kids,start coach ponting speech gave us dd player iyer end,start coach was the first ever coach of england coach end
a man in uttar pradesh lucknow built drone in hours to rescue puppy after he saw it drowning in drain the man who makes robots for living assembled an ai controlled robotic arm and attached it to the drone he said that initially he asked people for help but they advised him to let it die,start lucknow techie builds drone in hrs to save drowning puppy end,start up man jumps to death after drone hits the theatres end
